Neuron;Activation function;delta;w0;w1;w2;w3;

0.33352835747137766;0.5826176320897984;-0.5826176320897984;0.05403028161969664;-0.35708408416940524;-0.230124961573382;0.29046824824142736
-0.0901436139554248;0.47747934444163387;-0.4712194092382233;-0.04418176367416464;-0.6441654473360767;-0.34675176535984226;0.2875479433026909
-0.5759797694044455;0.35985817234323697;-0.34997859525349656;-0.22653903172730233;-0.9373398244368903;-0.4680193486151788;0.2841248791962406
-1.1022824510559528;0.24931247615506913;-0.21892821629950918;-0.431870653540842;-1.0040287272481254;-0.5872257623902616;0.27753942710061963
-0.9768118878215102;0.2735248326217347;-0.1645725835764155;-0.5433469246265508;-1.0416272328805833;-0.7501526201309129;0.25978817951988886
-1.857578663181397;0.13498552818148302;0.05659507639205874;-0.5109090097892076;-0.9855981072524452;-0.7417482512866922;0.2705222732814545
-1.5639326212310372;0.1730830655180896;0.10688612309942347;-0.41623040706482356;-0.9611787391289616;-0.7417482512866922;0.30014784622848556
-0.42826578792183473;0.39454052134386763;-0.10695950452136938;-0.41623040706482356;-0.9693241167809735;-0.7576317377081155;0.26969591839009044
-0.2110363433721836;0.44743585405300546;0.06541634955198605;-0.4128218709565885;-0.9693241167809735;-0.6961076609544726;0.3029093482194256
-2.0247069055416906;0.11663316325172614;0.8833668367482739;0.4617112974242026;-0.1620627305833202;-0.6961076609544726;1.1774425166002167

-0.1516057774305808;0.46217098405958523;-0.2705903794860435;0.3096612854219831;-0.42469456949624473;-0.7355024367914114;1.1271273501210175
1.3580799222739894;0.7954474575575624;-0.2825952539525709;0.29522530495691374;-0.42469456949624473;-0.9960718841859142;0.9864603866595378
-0.11154049670739757;0.4721437504586667;-0.4721437504586667;0.17463131296669704;-0.7419495330397379;-1.1793747520110436;0.9864603866595378
0.38127861481512065;0.5941814522278751;-0.4852292031825559;-0.14760294115917988;-0.8506320921236136;-1.6503325080411715;0.9351484799347186
-0.13427932363367762;0.46648051959834896;-0.1788995027758507;-0.14760294115917988;-0.8639888423308604;-1.6763781709453027;0.8852135584561448
-1.1398092753706124;0.2423553799887472;-0.23609544478533664;-0.1958453540255335;-1.0050051260940478;-1.7336660362240977;0.8837790851577969
-1.4951372444367;0.18315190685848826;0.09681728175902482;-0.111767188287433;-0.9833198073290174;-1.7336660362240977;0.910087709922547
-1.7777214150113376;0.14458472127204106;-0.13470514418230065;-0.1805794136437166;-1.0939486927095041;-1.7794261660860262;0.9087960221208113
-2.9170753365864757;0.05131589436353778;0.9486841056364622;0.7402022182975556;-0.24399641707140673;-1.7794261660860262;1.8295776540620836
0.9677996842371788;0.7246807110168519;-0.694296451161292;0.1017934071678227;-0.45134286854943967;-2.15005794810301;1.809102431561114

1.7966858293324894;0.857745024231513;-0.3448928206265215;0.08452741054388818;-0.45134286854943967;-2.4617091871650283;1.6408592476567119
0.1412940525258543;0.5352648636379239;-0.24768384681542566;0.08452741054388818;-0.469465256798333;-2.4970478442503703;1.5731077347384168
-1.1576752739074168;0.23908995659888926;-0.2328300213954787;0.037903739386428235;-0.6057498340278313;-2.552413453749854;1.5717213942265604
-2.923920051948961;0.05098369751751722;0.9490163024824828;0.9405857165124133;0.2274950679346165;-2.552413453749854;2.4744033713525457
-0.23337331809807982;0.4419200327918711;-0.4320404557021307;0.7242979713513157;-0.12022907620899431;-2.696244804281984;2.4703433915939637
-1.6710016314704652;0.15829068105436322;0.03328992351917853;0.7426301035381773;-0.08856448424986979;-2.6914951154881157;2.4764097132650673
1.192599907001712;0.767205733017513;-0.7368214731619531;0.07866955252109353;-0.30420979141781157;-3.0769611020508116;2.455114988353793
-0.9035861022166903;0.2883141101234739;-0.008344921505960834;0.07156758511312582;-0.3060415205682829;-3.0769611020508116;2.45289273488302
1.6049955435065262;0.832715423670905;-0.7237631746255858;-0.3994610741377856;-0.4649091748718447;-3.765387604032913;2.377887119189668
-2.177457548957052;0.10179315228399849;-0.10179315228399849;-0.42494087711661305;-0.5319406565546062;-3.804116904560731;2.377887119189668

-4.468374060958048;0.011335966079942751;0.9886640339200572;0.4962613756653697;0.3183998844749164;-3.804116904560731;3.299089371971651
3.135330168350783;0.9583267823298462;-0.8493745332845271;-0.04523461162240067;0.13576514320034297;-4.5955341167505495;3.2128626867703938
0.4364489779873016;0.6074125687682418;-0.5770283089126819;-0.554591612975911;-0.02966704527344674;-4.891244153647449;3.1965264493104435
2.480547090433565;0.9227667970523101;-0.4099145934473186;-0.5746939261654018;-0.02966704527344674;-5.2540909067177575;3.0006456525914706
-1.8137206415028266;0.14018905351462077;0.1397801351028923;-0.4581614345848853;0.0003888462201706473;-5.2540909067177575;3.037109454661595
-2.880662875572172;0.0531177863399881;-0.0531177863399881;-0.47118598157599073;-0.03387573124873751;-5.273888218144238;3.037109454661595
-2.96451002350921;0.04905519060139475;-0.042795255397984205;-0.47958074127263556;-0.058414259592776234;-5.283856995284004;3.0368598390657864
-5.341727542566273;0.0047647809608066406;0.1868158236127351;-0.3788043044110784;0.1156541313499134;-5.2577467366426;3.0702079666397304
-0.3227151660799343;0.4200141839642735;-0.13243316714177522;-0.3788043044110784;0.10616208896291919;-5.276256219297239;3.0347214610218676
-3.7253015026402405;0.023538418219194977;-0.013658841129454556;-0.38550263393090994;0.09539323611949764;-5.280710608427927;3.0345957253624265

-0.3365217834671558;0.41665462408022513;-0.12907360725772687;-0.38550263393090994;0.08633472187258658;-5.298374711209403;3.0007299877680653
-3.773047951164836;0.02246560618228062;-0.0125860290925402;-0.3915462658573898;0.07661842131386132;-5.3023937264405125;3.000616541565778
-5.209445130488617;0.005435004349092355;0.9945649956509076;0.5158480331158795;0.9142131588276484;-5.3023937264405125;3.9080108405390472
-3.6710627647646104;0.02481781023538452;0.16676279433815724;0.6039328638961674;1.0663596847208732;-5.2795717475565285;3.937159163953435
4.400358263584608;0.987875856741945;-0.4750236531369535;0.5811229045768047;1.0663596847208732;-5.691291513271025;3.714894543833003
1.8833837750051443;0.8679993105867946;-0.8376150507312347;-0.14285656868370944;0.8312210523798514;-6.111601818580602;3.691674875584829
-2.8059296785344627;0.05700458708295731;-0.050744651879546764;-0.15260331234503166;0.8027305709082941;-6.123176076678422;3.6913850591619495
-2.703926300838029;0.06274207118440991;-0.06274207118440991;-0.16766723686624216;0.7631008617832634;-6.146073241950662;3.6913850591619495
-0.9032173758827867;0.288389774647258;-0.008420586029744936;-0.17454109419894448;0.7613279664531094;-6.146073241950662;3.6892341828712394
2.6172771030018005;0.9319652613164436;-0.8230130122711244;-0.6882999600324641;0.5880483489826324;-6.8969515843227285;3.6074242987103813

2.7697030368467472;0.9410165059197547;-0.4281643023147632;-0.7084223566551827;0.5880483489826324;-7.260160843362799;3.4113478051646586
-5.348164515111046;0.004734353438443828;0.005145223651296592;-0.7060042608339232;0.5919359030337342;-7.258552809641661;3.411393195716404
-0.5023574858735951;0.3769868110195089;-0.346602551163949;-0.9992107038061753;0.49670646001710533;-7.428775439033886;3.401989398253222
-7.630120835197438;0.0004853664819398898;0.19109523809160187;-0.9004209736001825;0.6673432667365475;-7.40317991802597;3.4346801008470313
-4.457060655552986;0.011463464147919997;-0.005203528944509448;-0.9013991726017633;0.6644839158088497;-7.404341529340347;3.434651014400793
1.2792045324844379;0.7823143398304999;-0.6733620907851807;-1.312796308810889;0.5257286686850617;-8.005614266876762;3.3691409973565647
-2.6898569461897424;0.06357453419908202;0.21639465441843106;-1.1399083691229004;0.5703196757539095;-8.005614266876762;3.4232387989876116
-1.2422390313422018;0.2240464903979509;0.06353452642454735;-1.1399083691229004;0.5746837215056046;-7.997104377660956;3.439554016279133
-7.947167150073563;0.0003535375869870208;0.999646462413013;-0.2472828809211629;1.3986457106149008;-7.997104377660956;4.33217950448087
-3.6828032952828824;0.02453524688381746;-0.02453524688381746;-0.25304828413627667;1.3834782652336015;-8.00586779054793;4.33217950448087

-6.259601825562303;0.0019083581632949396;0.9980916418367051;0.6188141206446098;2.1882743311851893;-8.00586779054793;5.204041909261757
3.090795233150283;0.9565114566002763;-0.9261271967447163;-0.14760631183174522;1.9393514556800484;-8.45081743051337;5.1794610629283975
-3.416032153861128;0.031798159926098586;-0.031798159926098586;-0.15491595076212547;1.9201214824939712;-8.461928081687548;5.1794610629283975
-3.6631549414139166;0.025009915342802166;-0.018749980139391616;-0.15836408952460182;1.9100423076498096;-8.466022746467988;5.179358533583576
-4.503860886241339;0.010945068465199874;-0.0010654913754594535;-0.15885395165852048;1.909254760065279;-8.466348504787044;5.179349338285217
-0.03320912820704916;0.49169848087578033;-0.20411746405328207;-0.15885395165852048;1.89553917481102;-8.49309389603285;5.128072892886656
-6.785319496762518;0.0011289705207994472;0.19045163405274232;-0.06253731257952524;2.061904278674739;-8.468139130453292;5.159945220064807
4.947931924307027;0.9929519544297846;-0.48009975082479306;-0.08461001010196542;2.061904278674739;-8.866551320733336;4.9448646203508995
-0.2858755149387381;0.42901390779661985;-0.14904471917910678;-0.20110022482879364;2.0318592911660094;-8.866551320733336;4.90841404699325
4.051406109311239;0.9828996165683812;-0.873947367523062;-0.7234393557895588;1.8556857381200709;-9.62997005059907;4.825237859411057

-8.555279352775877;0.0001924889400362224;0.19138811563350552;-0.6288000064738204;2.0191537051199826;-9.605449855549082;4.856555151357308
0.999664751778147;0.7309926597233991;-0.7006083998678392;-1.1957071624783357;1.8350300134262083;-9.934570954451704;4.838373149551845
2.6056195411839633;0.9312223692601426;-0.8222701202148234;-1.6762387658583668;1.6729572241205173;-10.636886374776365;4.7618543049682645
-9.821945887685263;5.4244978386349786e-05;0.9999457550216136;-0.8221674503928474;2.461330746088689;-10.636886374776365;5.615925620433784
-5.445787382002603;0.004295907116053032;0.0019640280873575175;-0.8218142901720619;2.462363060580216;-10.636466997014182;5.6159361215442525
-5.291157483464122;0.005010694386086726;-0.005010694386086726;-0.8229405329350027;2.4594001757730943;-10.638178886013852;5.6159361215442525
-6.564477725724042;0.0014075758730338487;0.008472001216706573;-0.8191320667533748;2.4655230175574037;-10.63564625600307;5.616007611011199
-1.0675176931177022;0.2558754368559774;0.024093751761535664;-0.8007193680387696;2.4702719941489533;-10.63564625600307;5.621769068544631
-0.7755806428342343;0.3152731393889891;-0.02769212256649084;-0.8007193680387696;2.468452584105218;-10.639194105588354;5.6149671072695035
4.663417940925427;0.9906540097597122;-0.4778018061547207;-0.8221982603773658;2.468452584105218;-11.026888112300014;5.405672659199479

-8.532411626087546;0.00019694056287479356;0.9998030594371252;0.012343234529269997;3.2387985794036513;-11.026888112300014;6.2402141541061145
-4.273255150557292;0.013744792182598452;-0.013744792182598452;0.009324061138076932;3.2308558309437436;-11.031477255854627;6.2402141541061145
0.354364284032221;0.5876755048260079;-0.30770631620849487;-0.22048397186184635;3.1715840758261162;-11.031477255854627;6.168305671623837
5.806331893855856;0.9970005784413682;-0.48414837483637674;-0.24175352430434846;3.1715840758261162;-11.41539267744179;5.961051071667083
5.255007370036546;0.9948058126404228;-0.8858535635951036;-0.7476773846027657;3.0009470341870053;-12.15481985787794;5.880488817353326
1.5896493467271342;0.8305667628881482;-0.8001825030325883;-1.3804408983011671;2.79543409811402;-12.5221742311084;5.860194652380034
-1.464655872067885;0.18775625438268395;0.09982476243981431;-1.3804408983011671;2.80184366091502;-12.50967558364645;5.884157144020124
-8.431441448757102;0.0002178596887064511;0.00966171740103397;-1.3761963233810224;2.8086676313635603;-12.506852941324555;5.8842368197698836
-11.374343007792769;1.1486311979519668e-05;0.19156911826156223;-1.2836203987078112;2.9685715012536527;-12.482867360841041;5.914871299837077
-6.861704682180317;0.0010460320620897083;0.005213903141320841;-1.2827041722610577;2.9712497016364705;-12.481779341935521;5.914898543548471

-8.21017964660121;0.0002717979818165081;0.009607779107923913;-1.2785814534240352;2.9778777649975297;-12.479037733908902;5.914975931913753
4.497376090578111;0.9889845087517651;-0.4761323051467736;-1.2990123938244509;2.9778777649975297;-12.847816208136406;5.715892928598319
-10.180657282491298;3.7894856099121125e-05;0.9999621051439008;-0.4837491716306588;3.7304284316379532;-12.847816208136406;6.531156150792111
-5.971955215679838;0.002542770043064822;0.0037171651603457273;-0.4831111541802267;3.7322934057238317;-12.847058562414018;6.531175122044629
-0.49167015990538004;0.3795001996641475;-0.09191918284164924;-0.4831111541802267;3.726528700410776;-12.858299737774477;6.509623464441692
2.6711774428629522;0.9353043151692061;-0.9049200553136462;-1.1820568365320794;3.499520701014448;-13.264076536695413;6.487206686802108
-1.1118474748618188;0.2475266225963486;0.032442566021164465;-1.1583908383713772;3.5056246009925474;-13.264076536695413;6.494611937140616
-6.820835491492459;0.0010896206115010635;-0.0010896206115010635;-1.1586246176542783;3.5050095816483;-13.264431881205422;6.494611937140616
-11.41964863470275;1.0977535371891022e-05;0.19156962703816988;-1.0682013813129798;3.661195171692361;-13.241004042698812;6.5245340669069325
4.905744643416531;0.9926504875157462;-0.883698238470427;-1.56115725935509;3.4949319465538977;-13.961478018298818;6.446036806886689

-7.805551691482073;0.0004073005980228973;0.005852634605387652;-1.5601766259654815;3.4977984133850613;-13.960313516148657;6.446065965718707
-1.652178330671453;0.1608147592577079;0.11915442935980516;-1.4753261296897886;3.519682930524041;-13.960313516148657;6.472616257914347
4.183883427164192;0.9849895355163958;-0.8760372864710766;-1.9523731833040228;3.3587854035653937;-14.657536132969462;6.396652285726458
-13.705851502929287;1.1158963007178965e-06;0.19157948867724103;-1.8640983371745063;3.5112601377891037;-14.634664922835904;6.425863487491227
-10.15019247671501;3.9067034870815346e-05;0.009840510054869606;-1.8599762907026058;3.5178871201939286;-14.631923761932091;6.425940863235411
0.5048959622895841;0.6236092088014616;-0.5932249489459017;-2.3072642289883176;3.3726141145968596;-14.891599259436852;6.411595321791217
3.961257332744752;0.981316556408727;-0.46846435280373544;-2.3268875190608704;3.3726141145968596;-15.245799645246429;6.220382218233133
-9.505988971396537;7.439934845322065e-05;-7.439934845322065e-05;-2.3269031014631083;3.3725731208925103;-15.24582333049783;6.220382218233133
-2.566601409535664;0.07131907409756191;0.21626194272493635;-2.3269031014631083;3.3858130488792453;-15.220005470923697;6.269880393623197
-12.990325871898046;2.2822970269385152e-06;0.9999977177029731;-1.5310225649618596;4.120472005649629;-15.220005470923697;7.065760930124445

-1.3565934094723162;0.2047945203582025;0.07517466825931057;-1.4787959533290755;4.133942217699714;-15.220005470923697;7.0821029889231735
-8.095002091271834;0.00030496696315541165;-0.00030496696315541165;-1.478858268559937;4.133778280707755;-15.220100190074607;7.0821029889231735
-11.394403240228744;1.1258192203149024e-05;0.9999887418077968;-0.7023964219797653;4.850512292935606;-15.220100190074607;7.858564835503345
-8.277543837423895;0.0002540961127605731;0.009625480976979846;-0.6984627888870057;4.856836364600119;-15.217484324067922;7.858638674502972
-0.690242704947554;0.3339790844990994;-0.04639806767660115;-0.6984627888870057;4.854065077299978;-15.222888334303196;7.848278069447108
6.958043470877569;0.9990499481294994;-0.8900976990841802;-1.1713444147781678;4.694572457916569;-15.914023018297971;7.772977391232652
6.4600668678358275;0.998437753354001;-0.48558554974900947;-1.1911887778019663;4.694572457916569;-16.272213770877535;7.5796101104206945
2.418251473479149;0.9182085233335903;-0.8878242634780303;-1.8442756044347217;4.482458787728152;-16.65136695633933;7.55866413058045
-14.76673522197595;3.8626753633768486e-07;0.1915802183060054;-1.7581534753386474;4.631215192530463;-16.629053495618983;7.587162972546663
-9.119633749701986;0.00010948278469331099;0.006150452418717238;-1.757148076305495;4.634154051242755;-16.627859584267114;7.5871928677774685

-9.117267455085736;0.0001097421315110456;0.006150193071899504;-1.7561678535830758;4.6370193176621335;-16.626695569784243;7.587222014398423
-10.72884607076561;2.1903415499497174e-05;0.009857673674240923;-1.7522400436701506;4.643334027445221;-16.62408357619215;7.587295744089997
-12.454213932709992;3.901233261373854e-06;0.9999960987667387;-0.995184173603802;5.342154830583389;-16.62408357619215;8.344351614156345
-1.0223070911874386;0.2645782508226058;0.023002765999892483;-0.995184173603802;5.343494403426912;-16.62147140914728;8.349359678522172
-13.270649607936123;1.7243656188592895e-06;0.1915788802079229;-0.9112156842197907;5.488530885090205;-16.599715936897784;8.377145855364445
-7.608118142392466;0.0004961588480389302;-0.0004961588480389302;-0.9113145319655223;5.488270839482203;-16.599866185471296;8.377145855364445
7.335830390603447;0.9993486620595919;-0.48649645845460043;-0.9306990812544099;5.488270839482203;-16.94975730013572;8.188259087809229
7.101210232323062;0.9991765716344219;-0.8902243225891027;-1.3918242559057497;5.332743413712224;-17.623709478472293;8.114830482230467
2.7007253775184408;0.9370694332445711;-0.9066851733890112;-2.0421112133896453;5.121539102734548;-18.001237184344888;8.093974300561547
-1.6138131478160562;0.16605988099717486;0.11390930762033821;-1.9649526455436583;5.141439728830572;-18.001237184344888;8.118117736506244

5.516860615920917;0.9959976396609831;-0.8870453906156639;-2.4126496721014465;4.990441323423507;-18.655563607775502;8.046827401063698
-16.971986298261676;4.25755223797413e-08;0.19158056199801937;-2.330833502683469;5.131760161509105;-18.634365782062662;8.073901349501767
-10.651524534682856;2.3664176365055988e-05;-2.3664176365055988e-05;-2.3308380963177044;5.1317480767175;-18.6343727643867;8.073901349501767
-2.5531661834606476;0.07221406608567046;0.2153669507368278;-2.3308380963177044;5.143968445777409;-18.61054304471988;8.119587849584299
-10.67064228216858;2.3216078082649988e-05;0.006236719125327899;-2.329869570524124;5.146799521174028;-18.609392920340003;8.119616648400674
-2.0193137093092255;0.11718997344610184;0.16277921517141125;-2.2224352885109924;5.1745088156299035;-18.609392920340003;8.153233559373234
1.438042363118201;0.8081513170848197;-0.7777670572292598;-2.7659572085041457;4.997980328794521;-18.92493759055825;8.13580157527151
5.226105884256131;0.9946543167173989;-0.4818021131124074;-2.7846624670132156;4.997980328794521;-19.262567506646963;7.953533947409336
-15.567513682815893;1.7342617087121506e-07;0.9999998265738291;-2.047015536116991;5.678885188083344;-19.262567506646963;8.69118087830556
-12.315310870160978;4.482564004873565e-06;0.009875094525735546;-2.043181675889352;5.685048855680086;-19.260017989595585;8.691252844449135

6.093221902175111;0.9977469658907916;-0.8887947168454724;-2.4799568629013704;5.5377341476346125;-19.898381724459306;8.621701679826764
-11.403850659304254;1.1152333363313217e-05;0.006248782870047236;-2.4790120005008345;5.5404960531131024;-19.89725970035867;8.62172977501943
-17.875356624909532;1.725167421630131e-08;0.19158058732186753;-2.39934887764263;5.6780959925954555;-19.87661970943632;8.648091254614743
1.6204671599670424;0.8348595468018539;-0.804475286946294;-2.946740761744972;5.500310594339994;-20.194411108817956;8.630535151962608
-16.087425037083094;1.0311456964969622e-07;0.9999998968854303;-2.2285055416878485;6.1632969513158;-20.194411108817956;9.348770372019732
-1.3742254079300817;0.2019380259694928;0.07803116264802026;-2.178360252428252;6.176230351713071;-20.194411108817956;9.36446117101932
-2.327107315915197;0.08890268931519345;0.1986783275073048;-2.178360252428252;6.187207104558611;-20.173006440769154;9.405498345700803
-12.69947802790315;3.0527092570987857e-06;0.009876524380483321;-2.1746267427475803;6.193209439352922;-20.170523656831506;9.405568428144543
-10.746816099264045;2.151333434830575e-05;-2.151333434830575e-05;-2.1746308089675863;6.193198742066444;-20.170529837485915;9.405568428144543
7.086617026299541;0.9991644771808745;-0.486312273575883;-2.193014316275207;6.193198742066444;-20.50235214438847;9.226436005723208

-11.066586871298107;1.562556040631853e-05;-1.562556040631853e-05;-2.193017189830279;6.193191182406178;-20.50235651219218;9.226436005723208
-1.383053910005133;0.2005189762393745;0.07945021237813857;-2.1433398991433164;6.20600387728924;-20.50235651219218;9.241980364815007
6.963173230446162;0.9990548045938308;-0.4862026009888393;-2.1612225211239586;6.20600387728924;-20.82513783894277;9.067728665123866
-11.403232662131497;1.115922752695816e-05;0.006248775975883591;-2.160303196559333;6.208691133708914;-20.824046141022276;9.067756000956843
-15.173808500717136;2.570979341736679e-07;0.9999997429020658;-1.461479846813654;6.853758841166464;-20.824046141022276;9.766579350702521
3.9957746750818806;0.9819390071688416;-0.9515547473132817;-2.091450333394063;6.6491530421061595;-21.189779006842567;9.746374764461063
7.314395931981634;0.999334559675159;-0.8903823106298399;-2.5171798815478477;6.505563786219971;-21.811999115682713;9.678582484201705
-19.111012590472953;5.014096478928639e-09;0.19158059955944529;-2.439669811113085;6.639444816970925;-21.791916961070072;9.704231493013902
-2.6603363918586975;0.06535478241716255;0.2222262344053357;-2.439669811113085;6.651390734005926;-21.76862242285182;9.74889193959534
-13.946429255555366;8.772883275730739e-07;0.009878699801412847;-2.4360364069755995;6.6572321298884995;-21.766206209100392;9.748960142938262

6.844901371721505;0.998936261486661;-0.8899840124413418;-2.849754981180143;6.51769391255324;-22.370871817553187;9.683080464976975
-19.994762990140174;2.071976214274843e-09;0.19158060250156556;-2.774397967100193;6.647856027782244;-22.351347500268837;9.708017001705118
-12.615765177511769;3.3192606461545525e-06;-3.3192606461545525e-06;-2.7743985605593333;6.647854466528198;-22.351348402326728;9.708017001705118
-14.790401255458981;3.772334415805036e-07;0.009879199856298839;-2.7708659055023594;6.653533888889025;-22.34899918671384;9.708083313867254
-16.747177419733802;5.330810396067125e-08;0.9999999466918961;-2.09145417701463;7.280683176723852;-22.34899918671384;10.387495042354983
-2.252483704254755;0.09513544088654956;0.1924455759359487;-2.09145417701463;7.290740852751274;-22.329386718460366;10.425096199439867
-11.691448373563205;8.364978961619275e-06;0.00625157022444893;-2.0905599895707616;7.293354631433351;-22.328324870870773;10.425122787828295
-0.7176172531046219;0.3279178956805121;-0.04794870706299903;-2.1197077562327427;7.285836881660804;-22.328324870870773;10.416002255177414
8.15895948522058;0.9997139218704705;-0.48686171826547897;-2.137117207768242;7.285836881660804;-22.642565471086535;10.246361219090247
3.433810023484638;0.9687446356765427;-0.9383603758209828;-2.741095914062924;7.089672857394155;-22.993208664463168;10.226990248355449

7.3476854985797075;0.999356333210012;-0.48650412960502054;-2.7579955311965723;7.089672857394155;-23.298246753725515;10.062317136501079
-3.0408207879310654;0.04561542473316795;0.2419655920893303;-2.7579955311965723;7.101957264377152;-23.274292160108672;10.10824304576709
-20.404391765590255;1.375578087423105e-09;0.19158060319796366;-2.6847915743956663;7.228400462487808;-23.255325680392072;10.132467110105342
-15.011590057836644;3.0237727018023065e-07;0.00987927471247024;-2.6813598263376504;7.2339176574426185;-23.253043567933492;10.132531528122376
-12.9348621837357;2.412457558556587e-06;0.006257522745851993;-2.6804903600192795;7.236459174373241;-23.252011076680425;10.132557381435745
-1.5716124403200813;0.17198664709510916;0.10798254152240391;-2.6167238276044706;7.252905746082038;-23.252011076680425;10.152510359228769
-12.744606407058793;2.918008120199843e-06;-2.918008120199843e-06;-2.6167243344164075;7.25290441277679;-23.25201184703457;10.152510359228769
-16.827215472748453;4.9207709825421957e-08;0.9999999507922902;-1.956724366893496;7.862135152028708;-23.25201184703457;10.812510326751681
8.86929270241641;0.9998593777491287;-0.8909071287038095;-2.3590392702765848;7.726443143195358;-23.840010551979084;10.748446545412241
3.5370067084746553;0.9717225789720402;-0.9413383191164802;-2.947623440334679;7.535279053774781;-24.181716361818367;10.72956931246622

-17.733928720546086;1.9872504571921354e-08;0.9999999801274955;-2.307035217770654;8.126591259218497;-24.181716361818367;11.370157535030245
-2.4616436153482995;0.07859123286986783;0.20898978395263043;-2.307035217770654;8.136889443595168;-24.16163490228386;11.408657845378334
-12.329571085517514;4.419095571598547e-06;-4.419095571598547e-06;-2.3070359627234525;8.136887483796267;-24.161636034612116;11.408657845378334
4.242006550930201;0.9858251054546581;-0.9554408455990981;-2.886867277133159;7.948566202193114;-24.49826032547775;11.390061336419507
8.288242033449928;0.9997486070884141;-0.8907963580430949;-3.2773008387683324;7.816881509807287;-25.068893992483005;11.327889515018306
-14.226680882473019;6.628735788918505e-07;0.006259272329831657;-3.27645670903865;7.819348965940205;-25.067891588429006;11.32791461495601
-16.407532652141843;7.486849016385501e-08;0.009879502221250256;-3.273125818042074;7.824704013773162;-25.065676545916283;11.327977139765329
7.900278991775682;0.9996294972027138;-0.48677729359772226;-3.2895375973834957;7.824704013773162;-25.361909163028944;11.168057612959116
-22.44614632102095;1.7855109285229224e-10;0.19158060439499067;-3.2184866976916195;7.9474282950591295;-25.34350052083605;11.191569204963734
-1.9561299223053323;0.12388648942695338;0.1560826991905597;-3.1290266664187145;7.9705016967901505;-25.34350052083605;11.21956185172928

-22.175091927143175;2.341423323971582e-10;0.1915806043393994;-3.060128824313251;8.08950706042686;-25.325649716290542;11.242360971242295
-18.348144578923815;1.0752316796105896e-08;0.9999999892476832;-2.438952360404102;8.66290071941992;-25.325649716290542;11.863537435151445
-2.607548646384504;0.06865417955562717;0.2189268372668711;-2.438952360404102;8.673361657888417;-25.30525088627697;11.902646210333394
4.5381409524000755;0.9894198687921683;-0.9590356089366083;-3.0033284859355898;8.4900600102799;-25.632902581377195;11.884545384431503
-1.3222442141406199;0.2104451570444015;0.06952403157311157;-2.9646877610191655;8.500026170099973;-25.632902581377195;11.896636327704822
-16.0165461693785;1.1068845649205508e-07;0.009879466401283928;-2.961457817824195;8.505218924928812;-25.63075466915254;11.896696957603124
-13.708932145328335;1.112463916773556e-06;-1.112463916773556e-06;-2.9614579996758814;8.50521844651899;-25.630754945567105;11.896696957603124
-13.96948372993993;8.572942852804967e-07;0.006259077909125269;-2.9606394750601495;8.507611056934207;-25.629782947585923;11.896721296180644
8.842513564478727;0.9998555616829579;-0.8909033126376387;-3.339287174004097;8.37990147800045;-26.18319112296554;11.836426230832968
8.346365191497773;0.999762798939679;-0.4869105953346875;-3.35520598479894;8.37990147800045;-26.470525657812455;11.68131028412975

-3.6392037235496666;0.02560064412640018;0.2619803726960981;-3.35520598479894;8.392028442763714;-26.446878076524094;11.726647587278418
2.9072919768312246;0.9482057304291762;-0.9178214705736163;-3.8784494696021152;8.222086114366101;-26.750649988534825;11.709865978712319
-24.112464442486562;3.3735701672656325e-11;0.19158060453980605;-3.811704684992628;8.337372560509761;-26.733357021613276;11.731952625763656
7.772459391614936;0.9995790011597769;-0.48672679755478543;-3.827120211738713;8.337372560509761;-27.01160727938011;11.58174077539589
-15.700721992029202;1.5179693794537917e-07;-1.5179693794537917e-07;-3.8271202357771448;8.337372497270195;-27.01160731591853;11.58174077539589
-20.42353910704713;1.3494899800993857e-09;0.99999999865051;-3.2253555307068673;8.892847609642759;-27.01160731591853;12.183505480466167
-1.5020449852668118;0.1821207195660785;0.09784846905143457;-3.1726718550018056;8.906435706996554;-27.01160731591853;12.199990557693823
8.887747923238825;0.9998619488078464;-0.8909096997625272;-3.539489443148612;8.782716165432246;-27.54772532936386;12.141579294375246
-17.977068238015473;1.558326502053001e-08;0.0098795615064754;-3.5363604055569327;8.78774669509887;-27.545644519365393;12.141638030154644
-15.602064820278994;1.6753643485463754e-07;0.006259767666975695;-3.535567372451878;8.79006479186749;-27.54470279255314;12.14166161074994

-3.8331414225742444;0.021183089237356817;0.26639792758514147;-3.535567372451878;8.801998454686915;-27.52143215005526;12.186276244294293
-17.92510558675556;1.6414420278774622e-08;0.00987956067532014;-3.532539271811455;8.806866708793441;-27.51941846312938;12.186333085366346
-24.125295467044946;3.330560325843397e-11;0.19158060454023615;-3.4679475447698707;8.918434237319813;-27.502683333850424;12.207707259932205
-15.463183832639592;1.9249723920052939e-07;0.006259742706171348;-3.4671800964380926;8.920677547828088;-27.50177198895644;12.207730079772142
8.599672823967975;0.9998158678723592;-0.4869636642673677;-3.4821056081292596;8.920677547828088;-27.771177474982004;12.062293030117948
-1.9091800130036187;0.1290730014442245;0.15089618717328857;-3.403480752707388;8.940956356692553;-27.771177474982004;12.08689527732824
-20.097457449844377;1.8697568304759243e-09;0.9999999981302432;-2.8211278126197756;9.478512916773425;-27.771177474982004;12.669248217415852
4.581624838239709;0.9898655121146097;-0.9594812522590498;-3.350476292968267;9.306587769309813;-28.07849367607321;12.652270807758072
-15.279423085668201;2.313293655635028e-07;-2.313293655635028e-07;-3.3504763284196715;9.30658767604535;-28.078493729959344;12.652270807758072
9.189807332148042;0.9998979358888527;-0.8909456868435335;-3.705475430267234;9.186854251161853;-28.597338571121167;12.59574149540793

-20.916164475524923;8.245655483596549e-10;0.9999999991754345;-3.142534254260828;9.70649225978315;-28.597338571121167;13.158682671414336
-15.40775372932908;2.0346864291677156e-07;0.006259731734767632;-3.141792388840373;9.708660789473711;-28.596457605934376;13.158704730554279
-24.14364067023314;3.27001755262068e-11;0.19158060454084158;-3.0793537193666443;9.816509400382879;-28.580280314298;13.179366432634673
4.675216425072085;0.9907626177204069;-0.9603783578648469;-3.5915356881771663;9.650159701111086;-28.87763040174633;13.162939592043575
-18.340393441571397;1.0835983315999003e-08;0.009879566253757105;-3.588608522571951;9.654865682737933;-28.87568383661886;13.162994538444252
-3.8353657907759953;0.02113701746145208;0.2664439993610462;-3.588608522571951;9.666403551850536;-28.853184991849286;13.206129476152025
-1.5981484398854775;0.16824055503868549;0.11172863357882759;-3.532332573974615;9.680918163027224;-28.853184991849286;13.223738599780381
9.656764831539334;0.9999360128848529;-0.8909837638395337;-3.875513038554418;9.565170905742912;-29.354756440081307;13.169091262438585
-16.41324998451264;7.444166347105823e-08;-7.444166347105823e-08;-3.875513049582386;9.565170876730873;-29.354756456843816;13.169091262438585
9.138553695877999;0.9998925689307904;-0.48704036532579886;-3.8899433167531843;9.565170876730873;-29.615222779276728;13.028479970412683

-16.66424763736873;5.791741645393766e-08;-5.791741645393766e-08;-3.8899433250373474;9.565170854937152;-29.615222791868657;13.028479970412683
8.848845047593414;0.9998564731718834;-0.8909042241265642;-4.221260400585591;9.453424859042183;-30.09945544074686;12.97572173425623
-20.17304101400324;1.733642733713847e-09;0.009879575356097686;-4.218434169121494;9.45796856962677;-30.097575996823235;12.975774786002313
-22.542843442716176;1.6209420410605066e-10;0.9999999998379058;-3.674904757444891;9.959688026559018;-30.097575996823235;13.519304197678917
-16.71988751019546;5.47829093407859e-08;0.006259880420501208;-3.67418845657696;9.961781829096047;-30.096725389542566;13.51932549666476
-3.961422354349751;0.018680418263993484;0.2689005985585048;-3.67418845657696;9.97302455095433;-30.074802081918914;13.561357010654909
-1.6912949055991109;0.15560562333677613;0.12436356528073694;-3.613708491145696;9.988623456065561;-30.074802081918914;13.580281599486598
4.064567564658992;0.9831194335322077;-0.9527351736766477;-4.104293364476656;9.829288198060635;-30.35961385560272;13.564547426865632
-26.738584570330218;2.4410701899748726e-12;0.19158060457110068;-4.044007752561465;9.933417891368691;-30.343994401606512;13.584496656463648
9.384075539045774;0.999915955117594;-0.4870637515126025;-4.057941093316811;9.933417891368691;-30.59549120224049;13.448727510774447

-17.43250792975025;2.6863215045328084e-08;0.0062599083401955035;-4.05725037154206;9.935436924248732;-30.59467097013297;13.448748049173826
-4.393374392637753;0.012208075755715213;0.27537294106678306;-4.05725037154206;9.946539064089931;-30.57302179744263;13.490253989811515
-2.2130281419483566;0.09858664303185619;0.1813825455856569;-3.9721915041121547;9.968477324015291;-30.57302179744263;13.516869482745776
-22.224965070043908;2.2275133189550088e-10;0.9999999997772486;-3.448073857170079;10.4522782288849;-30.57302179744263;14.040987129687851
10.689159338215415;0.9999772098499027;-0.8910249608045835;-3.7676014770152646;10.344508558286227;-31.04002370337021;13.99010622172859
4.176241160250607;0.9848761236504067;-0.9544918637948467;-4.2415377157626875;10.190580549120398;-31.31517001975413;13.974906008682574
-27.56066204261841;1.0728933594653288e-12;0.19158060457246887;-4.1834051614154815;10.290991324811028;-31.300108403400536;13.994142765795083
9.652661588448321;0.9999357498076683;-0.4870835462026768;-4.196841428897419;10.290991324811028;-31.54263303144951;13.863217197454665
-17.780606421434374;1.896621799805537e-08;-1.896621799805537e-08;-4.196841431513348;10.290991317929123;-31.54263303542572;13.863217197454665
-20.618324453186357;1.1106455053506136e-09;0.009879575979094914;-4.194116136715399;10.295372753411979;-31.540820714385085;13.863268354498757

-4.540842861570208;0.01055188447354982;0.27702913234894844;-4.194116136715399;10.306128002079644;-31.51984797948314;13.903477424023094
-20.57426174050012;1.1606777425062146e-09;0.009879575929062677;-4.191491778775109;10.31034716215288;-31.518102781452846;13.9035266863616
-2.2398526520829067;0.09622835556961944;0.18374083304789363;-4.108518286798745;10.33174756506081;-31.518102781452846;13.929489651260559
-17.846796681261623;1.7751484352772292e-08;0.006259917451926196;-4.107853146343791;10.333691821775291;-31.51731292716259;13.929509429007267
9.618850942711072;0.9999335404724896;-0.8909812914271704;-4.415531329767279;10.229918706656127;-31.9669964260123;13.880515400449022
-18.302238825115833;1.1257414751548345e-08;-1.1257414751548345e-08;-4.415531331262459;10.229918702722653;-31.966996428284975;13.880515400449022
-23.69360933157209;5.1285690944165656e-11;0.9999999999487144;-3.9108254489354017;10.695801055639937;-31.966996428284975;14.38522128277608
4.297911513555356;0.9865854700008777;-0.9562012101453178;-4.368025804646989;10.54730863241737;-32.23242663479532;14.370557827561306
9.839125638505585;0.999946678928169;-0.4870944753231775;-4.380964722907896;10.54730863241737;-32.465974109404684;14.24447852545626
-28.60393047683145;3.779817515301033e-13;0.19158060457316378;-4.324985226128901;10.644000490490178;-32.45147033069376;14.263002810083188

9.73195391611338;0.9999406473193165;-0.8909883982739973;-4.6208319930480535;10.544217853126915;-32.8838617592679;14.215892791472116
-21.92048727627772;3.0203226195923893e-10;0.009879576787708158;-4.618308571732308;10.548274738165306;-32.88218368409293;14.215940159109412
3.075965919581993;0.9558904043551749;-0.925506144499615;-5.043812170674081;10.410076988081652;-33.12921216236746;14.202293290971927
8.996265244595651;0.9998761437709893;-0.4870239401659978;-5.056251636638073;10.410076988081652;-33.35374452301752;14.081080747877175
-25.43424651595721;8.99595111465684e-12;0.9999999999910041;-4.57095751899538;10.8580407889826;-33.35374452301752;14.566374865519869
-29.45351167119499;1.6162271894162242e-13;0.19158060457338014;-4.517131079784748;10.951013729437328;-33.33979858194931;14.584186677661165
-2.412655310414146;0.0822127424555011;0.197756446162012;-4.4312631492144;10.973160661756378;-33.33979858194931;14.611055331905334
-4.804204740347778;0.008128600116321471;0.27945241670617676;-4.4312631492144;10.98359270898636;-33.319456089850846;14.650056095654534
-18.74813733152093;7.207545751102982e-09;-7.207545751102982e-09;-4.4312631501348685;10.983592706564819;-33.319456091249954;14.650056095654534
-18.960694491114445;5.827402378985162e-09;0.00625992937600817;-4.430623590786856;10.985462187735935;-33.318696614524185;14.650075112754902

-2.2904558318323502;0.09191649554832886;0.1880526930691842;-4.35223531030749;11.005679979533781;-33.318696614524185;14.674603334071117
-21.616404285472328;4.0936895097941336e-10;0.00987957668037147;-4.349812825870694;11.009574589128324;-33.317085662373714;14.674648807002427
10.170554834946259;0.9999617203875414;-0.4871095167825499;-4.361756811545361;11.009574589128324;-33.532674603801475;14.558264318913908
-29.336727531698614;1.8164402463882285e-13;0.19158060457336012;-4.31008342990316;11.098828611964853;-33.519286500376;14.575363658569552
-4.702185534992804;0.00899379825815009;0.27858721856434815;-4.31008342990316;11.108812371109783;-33.49981817004338;14.612688473455483
3.9433969062722225;0.9809862661296709;-0.950602006274111;-4.729643250381294;10.97254507898868;-33.743395954709854;14.599232235811215
-19.534992442474998;3.281410600879608e-09;0.0062599319219999484;-4.729029273157489;10.974339781642879;-33.742666856756586;14.599250492234992
-24.901766590059154;1.5321461008478658e-11;0.9999999999846786;-4.26314692022345;11.404385030505068;-33.742666856756586;15.06513284516903
-18.596247650668168;8.389812547758258e-09;-8.389812547758258e-09;-4.263146921252046;11.40438502779907;-33.74266685832005;15.06513284516903
10.81821693109836;0.9999799691497859;-0.8910277201044667;-4.547172351784417;11.308589468388742;-34.15778094909813;15.019905231368355

-24.768842221024723;1.7499615248474618e-11;0.9999999999825003;-4.100701763556936;11.72071616521411;-34.15778094909813;15.466375819595836
-1.4963100290884146;0.1829765149246275;0.09699267369288558;-4.061955742855409;11.730709482770612;-34.15778094909813;15.47849971063003
-21.37316094778401;5.221005363044917e-10;0.009879576567639884;-4.059634195296636;11.734441816922795;-34.15623711997155;15.478543288855372
-18.42683157374296;9.93868037961035e-09;-9.93868037961035e-09;-4.059634196464354;11.734441813850799;-34.15623712174648;15.478543288855372
11.565529135311;0.9999905125304318;-0.8910382634851126;-4.33182845484849;11.642636649780409;-34.554059499384834;15.435199646091117
-4.674553084810579;0.009243455181621172;0.2783375616408771;-4.33182845484849;11.652195844770699;-34.53541906915377;15.470937205290177
-29.80059882255201;1.1422584354437108e-13;0.19158060457342754;-4.282308130774696;11.73773094998907;-34.522588803371015;15.487324072460174
-19.184045892874078;4.6609530267755405e-09;0.006259930542457522;-4.281719736064885;11.739450872986978;-34.521890084653116;15.487341568195772
11.049120589141467;0.9999840991261343;-0.4871318955211428;-4.29316658153549;11.739450872986978;-34.72850564539754;15.375801309641185
4.599415131596069;0.9900424339110886;-0.9596581740555287;-4.6990752494595345;11.607617288533016;-34.964158177609;15.362782895506033

3.98894288970215;0.9818174471026025;-0.9514331872470426;-5.084008032460908;11.482596384652227;-35.18763304329591;15.350437225705639
-20.282766281454787;1.5534830732916456e-09;-1.5534830732916456e-09;-5.084008032635494;11.48259638419293;-35.187633043561284;15.350437225705639
-5.488183452130516;0.004118318728599585;0.2834626980938987;-5.084008032635494;11.491908326220813;-35.16947475660692;15.385250416546251
-26.056230250974917;4.8297314463495e-12;0.9999999999951703;-4.656949209108145;11.886116471015288;-35.16947475660692;15.812309240073601
11.171933401309543;0.9999859367769809;-0.8910336877316617;-4.9173075974924;11.798303286767345;-35.549998555014675;15.770850316421809
10.685963533990812;0.9999771369022088;-0.4871249332972173;-4.928256597541123;11.798303286767345;-35.74762800589414;15.664161159178885
-2.621332589283565;0.06777804650026643;0.21219114211724666;-4.847177245342639;11.819215155886411;-35.74762800589414;15.689531434974429
-20.43507887562663;1.3340066866815451e-09;0.006259933869403863;-4.846614432712399;11.820860300497882;-35.74695966589573;15.689548170034763
-31.396485909656775;2.3156846576538714e-14;0.1915806045735186;-4.799247166207008;11.902676488098102;-35.73468723775569;15.705222564719117
-23.27489574320385;7.795450385840251e-11;0.009879577011785916;-4.797026555398786;11.90624654701286;-35.733210531568226;15.705264248240882

4.125636763327317;0.9841035727136069;-0.953719312858047;-5.165345277026999;11.786621663065235;-35.94704001162461;15.693451429173951
-5.5764844866220304;0.0037715727491084393;0.2838094440733898;-5.165345277026999;11.795521208076224;-35.92968589885318;15.726722851819684
-26.53568797558448;2.9901786666239426e-12;0.9999999999970098;-4.7576982182046885;12.17181080083528;-35.92968589885318;16.134369910641993
-31.220390798399038;2.761573161826257e-14;0.19158060457351414;-4.712484009267726;12.249908070817307;-35.917971308355874;16.149331832840694
-20.199589995136876;1.688221891966322e-09;0.006259933515188657;-4.711946779060169;12.251478436039397;-35.9173333474844;16.149347807215566
-23.003118256814552;1.0229930293571105e-10;0.009879576987441118;-4.7098271051120895;12.25488621954054;-35.91592376430893;16.149387596031698
11.53619254167565;0.9999902300803065;-0.8910379810349873;-4.958352218769805;12.171064139786163;-36.279152776577895;16.109812978226483
10.986552433691994;0.9999830724715919;-0.4871308688666004;-4.968803664346416;12.171064139786163;-36.46780136923574;16.007972087224847
-20.609642623194173;1.120329919186618e-09;-1.120329919186618e-09;-4.9688036644666;12.171064139469987;-36.46780136941842;16.007972087224847
-2.4945506411224017;0.07624108439105645;0.20372810422645662;-4.89449651908295;12.190229330813281;-36.46780136941842;16.031223293861867

-23.725028581626937;4.969938378094192e-11;0.009879577040041037;-4.892477781978793;12.193474838926887;-36.46645890924415;16.03126118797267
4.255979981553286;0.9860190499361411;-0.9556347900805812;-5.243962032943416;12.079317560835813;-36.67051504383195;16.019988288666422
-5.661772639168987;0.0034643059835291036;0.28411671083896917;-5.243962032943416;12.087802494281682;-36.6539694236125;16.05170966391087
-21.242522967922998;5.949623626000992e-10;0.006259934608448187;-5.243450385037338;12.089298080468678;-36.653361841724035;16.05172487760388
-21.016770554256293;7.456457048579622e-10;-7.456457048579622e-10;-5.243450385113519;12.089298080268264;-36.65336184183983;16.05172487760388
-26.988024774235868;1.9021719059016413e-12;0.9999999999980979;-4.8552150909966105;12.447669120991565;-36.65336184183983;16.43996017172079
11.417887552190328;0.9999890031154623;-0.48713679951047084;-4.865168969872057;12.447669120991565;-36.83302935554163;16.342967666122686
-32.040207894921224;1.2165067196652571e-14;0.1915806045735296;-4.822107818503517;12.522047473355405;-36.82187260268706;16.357217115835734
-2.1155258215060195;0.10759692668593955;0.1723722619315735;-4.762231138043076;12.537490780080496;-36.82187260268706;16.37595293273378
11.69464974400423;0.9999916617573921;-0.8910394127120729;-4.998922102782073;12.457660099665569;-37.167805551151744;16.338262759979674

-32.50365870855154;7.653152744164726e-15;0.1915806045735341;-4.9580140089819595;12.528319534411219;-37.15720663593989;16.35179973720707
-26.728654446207567;2.4654310730699224e-12;0.9999999999975345;-4.589190479571104;12.868772023098163;-37.15720663593989;16.720623266617924
5.365633892265266;0.9953472530734683;-0.9649629932179083;-4.926359901907244;12.75926400558728;-37.3529522172406;16.709809476421892
-23.968868660774717;3.894508025571787e-11;0.00987957705079534;-4.924442101656207;12.762347238298561;-37.35167688007366;16.709845475827194
11.621613586605868;0.9999910299791427;-0.4871388263741512;-4.933898325932882;12.762347238298561;-37.52236172826764;16.617702212123756
-5.327578511673368;0.004832349095764728;0.2827486677267335;-4.933898325932882;12.770369112265287;-37.506719074032524;16.647692414862007
-21.1645343534528;6.432199677900089e-10;0.006259934560190581;-4.933412260425855;12.771789919131981;-37.50614187124293;16.647706867870255
-2.1612847888982403;0.10328140090188002;0.17668778771563304;-4.875105290479696;12.786828368394113;-37.50614187124293;16.66595151176819
-20.8095603782296;9.173240007951946e-10;-9.173240007951946e-10;-4.87510529056873;12.786828368159885;-37.50614187137826;16.66595151176819
11.884465280108202;0.9999931033321052;-0.891040854286786;-5.099962070856396;12.710989099068778;-37.83477870410639;16.63014578972333

11.496073482464336;0.9999898301556451;-0.8910375811103259;-5.312983501238252;12.639141634383773;-38.14611771774141;16.596224703972243
-27.885642837077327;7.752096879334088e-13;0.9999999999992248;-4.96357173653264;12.961675571035107;-38.14611771774141;16.945636468677854
-21.183200621193073;6.313248160893511e-10;-6.313248160893511e-10;-4.963571736590691;12.96167557088239;-38.14611771782965;16.945636468677854
-21.47292279522779;4.72528621748467e-10;0.006259934730881927;-4.963111253466215;12.963021598477011;-38.14557089411933;16.945650161001833
-5.355538413478966;0.0046997346626325865;0.2828812821598657;-4.963111253466215;12.970624832938684;-38.13074458691907;16.974075257670993
-33.03843543792803;4.483217394052191e-15;0.19158060457353726;-4.924356217234528;13.037565350066144;-38.12070350934995;16.986899762412737
-24.373044692882143;2.5996877197523584e-11;0.009879577063743544;-4.922539353836427;13.040486307375398;-38.11949529519021;16.986933867112544
5.045343720409022;0.9936019519269068;-0.9632176920713469;-5.241385284598868;12.936929509349989;-38.30460307166063;16.97670775296425
11.567378107525064;0.9999905300561263;-0.48713832645113475;-5.25034380366735;12.936929509349989;-38.46630434084673;16.889414224303387
-2.5520358112054744;0.07228983674792198;0.20767935186959108;-5.185416679977594;12.953675419079927;-38.46630434084673;16.909730358928982

-33.61576517172818;2.5168578112091893e-15;0.19158060457353923;-5.1488147013143335;13.016897018589194;-38.456821100920344;16.921842391185073
-27.63052177588238;1.0004994647361644e-12;0.9999999999989995;-4.818814701314664;13.321512403204274;-38.456821100920344;17.251842391184745
5.4572107542412125;0.9957526801545425;-0.9653684202989826;-5.120619354818661;13.2234903789893;-38.63203546920461;17.242162829554967
11.9554085111001;0.9999935756489455;-0.487141372043954;-5.1290802312804775;13.2234903789893;-38.78475428934039;17.1597184259354
-5.538565105031736;0.003916763674875242;0.283664253147623;-5.1290802312804775;13.230691086953817;-38.770712908809585;17.186638655873008
-21.90591216900234;3.0646665193043895e-10;0.006259934896943898;-5.128645330540269;13.23196233527135;-38.770196464180586;17.186651587512664
-2.236489550634704;0.09652123675518122;0.18344795186233187;-5.074479908964075;13.245932602374712;-38.770196464180586;17.20360031301069
-24.88722717878293;1.5545853344734287e-11;0.009879577074194568;-5.07276398241961;13.248691284280813;-38.769055373028515;17.203632523004984
-21.544928525078436;4.396999622841399e-10;-4.396999622841399e-10;-5.072763982457794;13.248691284180358;-38.76905537308655;17.203632523004984
12.249057490994751;0.9999952103934061;-0.8910429613480869;-5.2739521037306;13.180834935585388;-39.06309955033142;17.171595748575474

11.90154821871143;0.9999932201460571;-0.8910409711007379;-5.46330520669145;13.116970279557172;-39.33984639312036;17.141443557637427
-22.39017177170274;1.8883041630328967e-10;-1.8883041630328967e-10;-5.463305206706884;13.11697027951657;-39.33984639314382;17.141443557637427
-22.625613131965544;1.49217949249374e-10;0.0062599350541925995;-5.462895888352876;13.118166748551362;-39.33936032759844;17.141455728592703
-5.917782169648467;0.0026839391887991055;0.28489707763369915;-5.462895888352876;13.124973339365416;-39.32608747551104;17.166902530588906
-2.794749645860457;0.057608555441411705;0.22236063317610139;-5.4011030387123595;13.14091086167089;-39.32608747551104;17.186237929738798
-28.561196000590126;3.944847150126243e-13;0.9999999999996055;-5.0905148034183645;13.427607694249962;-39.32608747551104;17.496826165032793
5.153296479315876;0.9942529014754753;-0.9638686416199154;-5.374124944903061;13.335494998725018;-39.49073891876188;17.487730142783107
-25.649978440220387;7.250298755704229e-12;0.009879577082490121;-5.372509955212796;13.33809140522706;-39.48966495061785;17.487760458071882
11.942867290756915;0.9999934945729341;-0.48714129096794256;-5.380473131733882;13.33809140522706;-39.63340028682345;17.410165738167727
-34.68029563901651;8.680384707999698e-16;0.1915806045735409;-5.346024210639048;13.397594087118136;-39.624474884539794;17.421565297938166

-25.72551287273097;6.722823588804253e-12;0.009879577083017597;-5.344510157804344;13.40002821821393;-39.62346803940471;17.421593718521393
-28.519990899040923;4.110790352426103e-13;0.9999999999995889;-5.053333687216229;13.668806498756805;-39.62346803940471;17.71277018910951
-5.4443772388040115;0.004301943154592244;0.283279073667906;-5.053333687216229;13.675151437284661;-39.61109540927539;17.73649107946523
-1.9586938924339918;0.12360846788975362;0.15636072072775947;-5.012597604710839;13.685658028700079;-39.61109540927539;17.749237674251308
-22.0701557356114;2.600477791403602e-10;0.00625993494336277;-5.0122138687607505;13.686779718400338;-39.61063972283466;17.749249084521676
-34.03654112879065;1.652410723416061e-15;0.1915806045735401;-4.979918005234344;13.742563482673221;-39.60227215819373;17.759936171806462
5.622003046841439;0.9963956502820214;-0.9660113904264614;-5.246393593119786;13.656015855838634;-39.756976041160556;17.751389693659682
12.673899117910656;0.9999968681987812;-0.891044619153462;-5.423912853932557;13.596142495682846;-40.0164272685023;17.72312189892323
-22.460412275312688;1.7602197416235505e-10;-1.7602197416235505e-10;-5.423912853946045;13.596142495647364;-40.0164272685228;17.72312189892323
12.128639397170357;0.9999945974786663;-0.48714239387367475;-5.431378348836679;13.596142495647364;-40.15117945129874;17.650376684315628

4.8026758141068715;0.991859063601231;-0.9614748037456711;-5.678920902023955;13.515744059569444;-40.294891655788014;17.64243743165087
-22.961634630852416;1.0663230184019439e-10;-1.0663230184019439e-10;-5.678920902031581;13.515744059549382;-40.2948916557996;17.64243743165087
11.912309734814706;0.9999932927158941;-0.8910410436705749;-5.84460488061627;13.45986248097348;-40.53704516296184;17.61605426243133
-29.803553319299873;1.1388886171208894e-13;0.9999999999998861;-5.5728401747339475;13.71072220948024;-40.53704516296184;17.887818968313653
-35.48892595011807;3.8668318864538987e-16;0.19158060457354137;-5.542697368775968;13.762787056134933;-40.529235435963635;17.897793583112787
-5.975661826383176;0.0025333862634737557;0.2850476305590245;-5.542697368775968;13.768745970402728;-40.51761555314143;17.920071301228564
-2.573512053270134;0.07086271750952855;0.20910647110798453;-5.491851479485501;13.781860068545518;-40.51761555314143;17.93598132270001
-26.24478369142164;3.999772260015504e-12;0.009879577085740648;-5.490438363506054;13.78413192423555;-40.5166758310151;17.936007848577695
-23.037852863928624;9.880698018471506e-11;0.006259935104603569;-5.490080209943413;13.785178834649425;-40.516250523659465;17.936018498163648
12.274673091451495;0.9999953315234495;-0.48714312791845804;-5.497048015674011;13.785178834649425;-40.64201941709677;17.8681228622223

12.424111754569491;0.9999959795461956;-0.8910437305008764;-5.650897888274735;13.733288640932022;-40.86687692320552;17.84362413121703
-29.640880253378576;1.340075499845498e-13;0.999999999999866;-5.398544947098299;13.96622981740258;-40.86687692320552;18.095977072393467
-2.333262335668114;0.08840539873347918;0.19156378988403389;-5.35529185980343;13.977385591048767;-40.86687692320552;18.109511254943335
-22.725681246287525;1.350087875801175e-10;-1.350087875801175e-10;-5.355291859812396;13.97738559102518;-40.866876923219145;18.109511254943335
12.584395705595622;0.999996574965902;-0.4871443713609105;-5.361761981648737;13.97738559102518;-40.98366262236511;18.046465146357484
5.195169836702712;0.9944872837176273;-0.9641030238620674;-5.592251255650684;13.90252582681942;-41.11747445088291;18.039072831140334
-6.04927298104755;0.002354022343535985;0.28522699447896227;-5.592251255650684;13.908062586124013;-41.10667777023895;18.05977230045964
-26.733871508319037;2.4526022594864344e-12;0.009879577087287818;-5.590939076526706;13.910172166407945;-41.10580517112151;18.059796931631784
-23.443412650733162;6.586508380982318e-11;0.006259935137545465;-5.590606505359647;13.911144297511658;-41.10541024286063;18.059806820533076
-35.933225342370406;2.47969643026751e-16;0.1915806045735415;-5.562616756970094;13.959490226548159;-41.098158353505156;18.069068962846558

4.954564201526191;0.9929982181399634;-0.9626139582844034;-5.7750474781667265;13.890495633338995;-41.221486188866535;18.062255826488297
12.278581017426418;0.9999953497318237;-0.8910431006865045;-5.917062644802458;13.842597026840552;-41.42904681702645;18.039641629237014
11.949154641227468;0.9999935353462571;-0.4871413317412656;-5.923035027693156;13.842597026840552;-41.53684832820355;17.98144558443794
-3.122980014639878;0.04216924172517041;0.23779994689234266;-5.87347251244612;13.85538011900834;-41.53684832820355;17.99695402952097
-30.359798542548752;6.529907379655892e-14;0.9999999999999347;-5.640531335975547;14.070402743442715;-41.53684832820355;18.229895205991543
-23.682004915967212;5.1884297941146816e-11;0.006259935151526251;-5.640224347205268;14.071300095232761;-41.53648377903884;18.22990433420814
-23.401316135892504;6.869696220393742e-11;-6.869696220393742e-11;-5.640224347209479;14.071300095221682;-41.53648377904524;18.22990433420814
-36.295680315732;1.725783537811524e-16;0.1915806045735416;-5.614387656388353;14.115927106639989;-41.52978972733249;18.23845400403597
-26.942084743434442;1.991596089907956e-12;0.009879577087748824;-5.6131764141200104;14.117874411517557;-41.528984251224045;18.238476740502563
-6.071942153138783;0.002301380345770324;0.28527963647672794;-5.6131764141200104;14.122986209528634;-41.51901624510245;18.25758746941018

12.726195441684903;0.999997027771096;-0.8910447787257768;-5.743357228696077;14.079079070884635;-41.70928051255978;18.236857749557743
-36.56606330094162;1.3169233056871897e-16;0.19158060457354162;-5.719673595443378;14.11998716468475;-41.70314429848976;18.24469494689992
-27.189734116965017;1.5547068375676325e-12;0.009879577088185714;-5.718563290030682;14.121772194155932;-41.70240594539032;18.24471578866096
-23.84739871372868;4.397504887965886e-11;0.0062599351594355;-5.71828188365757;14.122594766631181;-41.702071775322246;18.244724156192852
-2.7058310649040367;0.06263015382091085;0.21733903479660222;-5.676758689114851;14.133304368843557;-41.702071775322246;18.257717043640717
12.411930627019807;0.9999959302732435;-0.487143726668252;-5.682233400346448;14.133304368843557;-41.80089031305257;18.204370406975436
-6.167030940304176;0.0020930641254134994;0.28548795269708477;-5.682233400346448;14.137993605351658;-41.79174630186177;18.22190136721601
-23.605695660223223;5.5998530854465693e-11;-5.5998530854465693e-11;-5.6822334003495945;14.13799360534338;-41.79174630186655;18.22190136721601
4.874702168252784;0.9924205187605238;-0.9620362589049639;-5.876844698048822;14.074786517201751;-41.90472897191972;18.21565974029588
-30.483346462619117;5.770996904255434e-14;0.9999999999999423;-5.663315286284128;14.27189058959993;-41.90472897191972;18.429189152060573

12.595566544468152;0.9999966130133695;-0.487144409408378;-5.668292303470034;14.27189058959993;-41.99456413212532;18.38069214166831
12.786324348770117;0.9999972012205528;-0.8910449521752336;-5.786638521576281;14.23197500124457;-42.16753168166522;18.36184693813408
-6.276017764061185;0.0018773447392452162;0.28570367208325304;-5.786638521576281;14.236241164673867;-42.159212662978085;18.377796217154145
-24.13921693372349;3.284515292101939e-11;0.006259935170565396;-5.78638269760027;14.236988957834514;-42.15890887200657;18.377803824001333
-36.94615370462876;9.005116144016066e-17;0.19158060457354167;-5.7648521219159985;14.274178134016436;-42.15333049557928;18.384928548857857
-2.720910707464123;0.06175068105469557;0.21821850756281752;-5.72695101270772;14.283953533224002;-42.15333049557928;18.396788061390925
-27.438407637605305;1.2124140786166608e-12;0.009879577088528007;-5.725941644150687;14.28557628728877;-42.15265926548886;18.39680700844642
-30.350512371159326;6.590827638947565e-14;0.999999999999934;-5.531823997091877;14.46476180765075;-42.15265926548886;18.59092465550523
5.426594113286695;0.9956212085604487;-0.9652369487048887;-5.709331968463612;14.407109646008648;-42.25571250442412;18.58523157115838
-23.73784950706893;4.906625898244976e-11;-4.906625898244976e-11;-5.709331968466119;14.407109646002054;-42.255712504427926;18.58523157115838

5.159628419265962;0.9942889696210356;-0.9639047097654757;-5.868868642720182;14.355294315902444;-42.34833240698098;18.580114867182075
-6.3394154439491;0.0017622229599962885;0.285818793862502;-5.868868642720182;14.359135410100507;-42.34084227329476;18.59447500225954
-23.96524960164175;3.908628015537429e-11;-3.908628015537429e-11;-5.868868642721979;14.35913541009578;-42.34084227329749;18.59447500225954
-30.59358763874696;5.1686093260085025e-14;0.9999999999999483;-5.694162760369046;14.520402378421563;-42.34084227329749;18.76918088461247
-2.4731873917325746;0.07775935038583094;0.20220983823168215;-5.662554169866515;14.52855482031588;-42.34084227329749;18.779071425629553
12.942224464498189;0.9999976052383676;-0.48714540163337605;-5.667033494457385;14.52855482031588;-42.4216940821627;18.735424027374844
-27.35830689269376;1.3135248163081653e-12;0.009879577088426895;-5.666125062756065;14.530015298974156;-42.42108997508132;18.73544107972479
-36.86478475541995;9.768489278386288e-17;0.19158060457354165;-5.646747544640221;14.563485557537886;-42.416069436296766;18.741853332095662
-23.997483828317275;3.784645391218854e-11;0.006259935165564095;-5.646517303061995;14.564158571381931;-42.415796024422626;18.741860178258126
13.272032855647371;0.9999982780179528;-0.8910460289726336;-5.753029028073244;14.528234498449143;-42.571467007131375;18.724899474580912

-30.52153330543768;5.5547754347057665e-14;0.9999999999999445;-5.597734910426194;14.671582914738728;-42.571467007131375;18.88019359222796
-2.2947138385607264;0.09156170589343733;0.18840748272407576;-5.571556186510849;14.678334893305129;-42.571467007131375;18.88838509139142
-23.626036523049954;5.487097898571172e-11;-5.487097898571172e-11;-5.571556186513091;14.67833489329923;-42.571467007134785;18.88838509139142
13.53571545370783;0.9999986771430134;-0.8910464280976942;-5.666233317820562;14.646402369722153;-42.70984127596878;18.873308903591955
13.034273423208749;0.9999978158320599;-0.4871456122270684;-5.670214941400374;14.646402369722153;-42.781709581584394;18.834511199482137
-24.20533990742165;3.074358050754929e-11;0.006259935172666969;-5.670010282219497;14.647000604250872;-42.7814665488071;18.83451728495989
5.401551891250808;0.9955106678534617;-0.9651264079979017;-5.812000396485938;14.600884156882284;-42.863899698478455;18.82996333906839
-37.3982621348565;5.72982188752685e-17;0.1915806045735417;-5.794775935938521;14.630635497827821;-42.85943699733662;18.835663118953608
-27.76763683104863;8.723053754972834e-13;0.009879577088868115;-5.793968441092868;14.63193370107968;-42.85890001326426;18.835678276598006
-6.265455162161956;0.0018972416593588959;0.28568377516313936;-5.793968441092868;14.635346394140452;-42.85224526179576;18.848436811224765

-6.263029478008827;0.0019018405914322425;0.28567917623106603;-5.793968441092868;14.638332452498343;-42.846422447997874;18.859600349309858
-30.70617978674641;4.618230001698015e-14;0.9999999999999538;-5.6580860881516974;14.76376231675173;-42.846422447997874;18.995482702251028
13.551282249707278;0.9999986975761795;-0.8910464485308603;-5.740928579945449;14.735821357981056;-42.967499936004124;18.982291037623988
-24.334616062068246;2.7015345430512475e-11;0.0062599351763952035;-5.740749503162075;14.736344813193996;-42.967287282323866;18.982296362417024
-27.697910214739064;9.352989213473613e-13;0.009879577088805122;-5.740042945172132;14.737480741039365;-42.96681742126056;18.98230962535587
5.441492002163915;0.9956856804253996;-0.9653014205698397;-5.864306824637439;14.697121532324138;-43.03895950683903;18.978324200129073
-2.646318295269789;0.06621629229310497;0.2137528963244081;-5.838318972505366;14.703824281516573;-43.03895950683903;18.986455974225027
-37.516569709701045;5.090504141798538e-17;0.1915806045735417;-5.823247569526377;14.729856704843918;-43.035054643339926;18.991443281624594
12.9938791640614;0.9999977257982319;-0.48714552219324037;-5.826731489514818;14.729856704843918;-43.097939399131285;18.957495296802744
-24.204490259200988;3.076971283609464e-11;-3.076971283609464e-11;-5.826731489515918;14.729856704841023;-43.097939399132954;18.957495296802744

13.263408492985427;0.9999982631027565;-0.8910460140574373;-5.897739305001486;14.705907323286718;-43.20172005253494;18.946188161207203
-2.7094499307024043;0.06241803480110896;0.2175511538164041;-5.8750681847616715;14.71175462579201;-43.20172005253494;18.95328210753857
-24.331124079831234;2.710984744052087e-11;-2.710984744052087e-11;-5.875068184762503;14.711754625789823;-43.2017200525362;18.95328210753857
5.193851785890056;0.9944800530214422;-0.9640957931658822;-5.981447051847431;14.677204224514375;-43.26347889481607;18.949870295334552
12.79341416158957;0.9999972209931454;-0.48714501738815386;-5.98443326588591;14.677204224514375;-43.3173800582106;18.920772052783224
-37.96636875461808;3.246501082105033e-17;0.19158060457354173;-5.9715149204753475;14.699517730223528;-43.31403303235423;18.92504688769714
-28.261495873477603;5.32339009040717e-13;0.00987957708920808;-5.970909299341087;14.700491382662456;-43.31363029429995;18.925058255930438
-6.463968275897671;0.001556173024696026;0.28602484379780224;-5.970909299341087;14.703053958186075;-43.30863327202889;18.934638580902405
-24.793336502385593;1.7076181768672128e-11;0.0062599351863343675;-5.970755804955094;14.703502634083593;-43.308450997445526;18.934643145010728
-31.24428486082122;2.6963700461236895e-14;0.999999999999973;-5.854285216719803;14.811013946300784;-43.308450997445526;19.05111373324602

-24.31897824185716;2.7441127016494885e-11;-2.7441127016494885e-11;-5.854285216720504;14.81101394629894;-43.30845099744659;19.05111373324602
-37.730271606322916;4.111035628794152e-17;0.19158060457354173;-5.843519928878369;14.829608534389902;-43.305661809232944;19.05467609567428
-6.316523269083607;0.0018029557956708447;0.2857780610268274;-5.843519928878369;14.831742171497115;-43.30150121687388;19.06265281154898
5.3685244439833255;0.9953606203553305;-0.9649763604997705;-5.9322499533577595;14.802923872948254;-43.35301392552997;19.05980703786594
13.251331743508368;0.9999982419995478;-0.8910459929542286;-5.99142313152763;14.782966055459008;-43.439497801316705;19.05038442509282
-24.848622292121917;1.615773405335179e-11;0.006259935187252815;-5.991295219539284;14.783339952040329;-43.43934590583054;19.05038822851642
12.88464412134291;0.9999974633003141;-0.48714525969532263;-5.993783732475808;14.783339952040329;-43.4842635643348;19.026139680995698
-28.3483064683408;4.88075411935733e-13;0.009879577089252346;-5.993279048197254;14.784151329072772;-43.483927949289566;19.026149154523445
-2.8001067784985603;0.05731840606284563;0.22265078255466744;-5.973943585501718;14.789138303614155;-43.483927949289566;19.032199351126142
-31.323815696616393;2.490231318854778e-14;0.9999999999999751;-5.876884761972308;14.878731063795149;-43.483927949289566;19.12925817465555

13.3978052210714;0.9999984815291352;-0.891046232483816;-5.924223317233677;14.862764805511729;-43.55311506851772;19.121720082410675
-38.00432180177774;3.125595356494295e-17;0.19158060457354173;-5.915611086959968;14.877640475984498;-43.5508837179468;19.124569972353285
5.297237251342093;0.9950195257893123;-0.9646352659337524;-5.986570015500482;14.854593986373049;-43.59207931812727;19.12229415813367
-24.6076805072491;2.055985953603861e-11;-2.055985953603861e-11;-5.986570015500902;14.854593986371944;-43.59207931812791;19.12229415813367
12.961430170850921;0.9999976507924985;-0.48714544718750696;-5.988560826616344;14.854593986371944;-43.62801345876162;19.10289531265088
-24.933562336269112;1.48419670522311e-11;0.006259935188568582;-5.988458497025645;14.854893103637062;-43.62789194237267;19.102898355389765
-6.479015431592002;0.001532967965750501;0.2860480488567478;-5.988458497025645;14.856601625919826;-43.62456032392128;19.109285756869202
-2.7629159024314394;0.05936133971696873;0.22060784890054436;-5.973132056996765;14.860554599139943;-43.62456032392128;19.11408150325781
-28.37494850984987;4.752437760202856e-13;0.009879577089265177;-5.972728309573922;14.861203700765898;-43.62429183188509;19.11408908208001
-31.380101684394262;2.3539378756625488e-14;0.9999999999999765;-5.895081250750394;14.932877908910694;-43.62429183188509;19.191736140903537

-31.230780417425937;2.7330300017944643e-14;0.9999999999999727;-5.836845956632748;14.98663356501929;-43.62429183188509;19.24997143502118
13.599993648715598;0.9999987594985801;-0.8910465104532609;-5.872349884154524;14.974658867571117;-43.676182187493836;19.244317864073846
-24.47127993556678;2.356449618480237e-11;-2.356449618480237e-11;-5.872349884154885;14.974658867570167;-43.67618218749438;19.244317864073846
-37.99234504765546;3.163254913024787e-17;0.19158060457354173;-5.8658907114496035;14.985815620424743;-43.6745086745662;19.246455281530803
-24.77598906220851;1.7374994131626176e-11;0.006259935186035555;-5.865813964256611;14.986039958373492;-43.67441753727452;19.246457563584965
-6.338415909509214;0.0017639821344842344;0.285817034688014;-5.865813964256611;14.987320315225714;-43.671920841412685;19.251244245815915
-2.5342418925790406;0.07349228809309993;0.20647690052441314;-5.8550554310187595;14.990095140540454;-43.671920841412685;19.254610663380916
13.225777075011028;0.9999981964955668;-0.48714599289057525;-5.856548541027928;14.990095140540454;-43.69887147707819;19.2400615129708
-28.208971426221275;5.610471614184539e-13;0.009879577089179373;-5.856245730460799;14.990581966759917;-43.698670108051054;19.24006719708745
5.4816505478155975;0.9958548005049342;-0.9654705406493743;-5.9095110092049845;14.973282132637873;-43.729593561544206;19.238358858457325

-6.387572069785941;0.0016795103404226397;0.28590150648207563;-5.9095110092049845;14.974135956141394;-43.72792860571234;19.241550923064608
5.404618272581554;0.9955243512559568;-0.9651400914003969;-5.945009041049681;14.962606680841407;-43.74853718531107;19.24041242045046
-31.365667454341573;2.388161558547539e-14;0.9999999999999761;-5.906185511637917;14.998443784913805;-43.74853718531107;19.279235949862226
13.53932728068464;0.9999986819123196;-0.8910464328670004;-5.929854794591473;14.990460653976806;-43.78313075270473;19.275466902892187
13.170810376523303;0.9999980945879661;-0.48714589098297456;-5.93085020105602;14.990460653976806;-43.801097839389804;19.2657674713145
-24.603522111425622;2.0645533579897784e-11;-2.0645533579897784e-11;-5.930850201056231;14.990460653976251;-43.801097839390124;19.2657674713145
-2.626278429058198;0.06746621489353004;0.21250297372398302;-5.923468518811082;14.992364526772512;-43.801097839390124;19.268077249443166
-24.904683684973076;1.527683197770434e-11;0.006259935188133717;-5.923417354015736;14.99251408540506;-43.80103708119565;19.268078770812608
-38.154366043828674;2.6901058359795642e-17;0.19158060457354173;-5.919111238878882;14.999951920641445;-43.7999214059102;19.269503715783912
-28.34154536002189;4.913865234421224e-13;0.009879577089249034;-5.918909365167461;15.000276471454422;-43.799787159892105;19.269507505195012



0;0.883366836748274
1;0.694296451161292
2;0.1017931522839985
3;0.013658841129454556
4;0.8230130122711244
5;0.024535246883817464
6;0.873947367523062
7;0.4778018061547207
8;0.005213903141320842
9;0.883698238470427
10;0.9999977177029731
11;0.006150452418717239
12;0.1139093076203382
13;0.009875094525735546
14;0.486312273575883
15;0.009878699801412847
16;0.9383603758209826
17;0.9413383191164802
18;0.1560826991905597
19;0.48691059533468745
20;0.006259767666975694
21;0.8909456868435334
22;0.48704036532579886
23;0.4870637515126025
24;0.009879575979094914
25;0.1915806045731638
26;0.00625992937600817
27;0.8910277201044667
28;0.9596581740555287
29;0.009879577011785915
30;0.2037281042264566
31;0.8910394127120729
32;0.8910408542867859
33;0.20767935186959105
34;0.8910429613480869
35;0.19158060457354087
36;0.4871423938736747
37;0.48714312791845804
38;0.19158060457354154
39;0.28527963647672794
40;0.9999999999999423
41;4.906625898244975e-11
42;0.8910460289726336
43;0.2856837751631394
44;3.076971283609464e-11
45;0.999999999999973
46;0.9999999999999751
47;0.9999999999999766
48;0.9654705406493743
49;0.009879577089249034
